<?xml version="1.0" encoding="UTF-8"?>
<project-private xmlns="http://www.netbeans.org/ns/project-private/1">
    <editor-bookmarks xmlns="http://www.netbeans.org/ns/editor-bookmarks/2" lastBookmarkId="0"/>
    <open-files xmlns="http://www.netbeans.org/ns/projectui-open-files/2">
        <group>
            <file>file:/home/mateus/Desktop/AUX%20BD/Trabalho%20final/COM231TrabalhoFinal/SAGHA/src/Limites/Relatorios/LimiteRelatorioGeralDRG.java</file>
            <file>file:/home/mateus/Desktop/AUX%20BD/Trabalho%20final/COM231TrabalhoFinal/SAGHA/src/Limites/LimitePrincipal/LimiteTelaLogin.java</file>
            <file>file:/home/mateus/Desktop/AUX%20BD/Trabalho%20final/COM231TrabalhoFinal/SAGHA/src/Limites/Relatorios/LimiteRelatorioAtendimentoDrgRegReferencia.java</file>
            <file>file:/home/mateus/Desktop/AUX%20BD/Trabalho%20final/COM231TrabalhoFinal/SAGHA/src/Controladores/ControleRelatorios.java</file>
            <file>file:/home/mateus/Desktop/AUX%20BD/Trabalho%20final/COM231TrabalhoFinal/SAGHA/src/Limites/LimitePrincipal/LimitePrincipal.java</file>
        </group>
    </open-files>
</project-private>
