<?xml version="1.0"?>
<!DOCTYPE hibernate-mapping PUBLIC "-//Hibernate/Hibernate Mapping DTD 3.0//EN"
"http://www.hibernate.org/dtd/hibernate-mapping-3.0.dtd">
<!-- Generated 08/06/2017 20:47:31 by Hibernate Tools 4.3.1 -->
<hibernate-mapping>
    <class name="Model.AtendimentoDrg" table="atendimento_drg" catalog="sagha" optimistic-lock="version">
        <composite-id name="id" class="Model.AtendimentoDrgId">
            <key-property name="idhospital" type="int">
                <column name="idhospital" />
            </key-property>
            <key-property name="codigodrg" type="short">
                <column name="codigodrg" />
            </key-property>
        </composite-id>
        <many-to-one name="drg" class="Model.Drg" update="false" insert="false" fetch="select">
            <column name="codigodrg" not-null="true" />
        </many-to-one>
        <many-to-one name="hospital" class="Model.Hospital" update="false" insert="false" fetch="select">
            <column name="idhospital" not-null="true" />
        </many-to-one>
        <property name="numeroaltas" type="short">
            <column name="numeroaltas" not-null="true" />
        </property>
        <property name="taxasmediascobertas" type="float">
            <column name="taxasmediascobertas" precision="12" scale="0" not-null="true" />
        </property>
        <property name="pagamentosmediostotais" type="float">
            <column name="pagamentosmediostotais" precision="12" scale="0" not-null="true" />
        </property>
        <property name="mediapagamentosmedicare" type="float">
            <column name="mediapagamentosmedicare" precision="12" scale="0" not-null="true" />
        </property>
    </class>
</hibernate-mapping>
