<?xml version="1.0"?>
<!DOCTYPE hibernate-mapping PUBLIC "-//Hibernate/Hibernate Mapping DTD 3.0//EN"
"http://www.hibernate.org/dtd/hibernate-mapping-3.0.dtd">
<!-- Generated 08/06/2017 20:47:31 by Hibernate Tools 4.3.1 -->
<hibernate-mapping>
    <class name="Model.Gerente" table="gerente" catalog="sagha" optimistic-lock="version">
        <id name="cpf" type="string">
            <column name="cpf" length="11" />
            <generator class="assigned" />
        </id>
        <many-to-one name="hospital" class="Model.Hospital" fetch="select">
            <column name="idhospital" />
        </many-to-one>
        <property name="nome" type="string">
            <column name="nome" length="64" />
        </property>
        <property name="senha" type="string">
            <column name="senha" length="8" />
        </property>
    </class>
</hibernate-mapping>
