<?xml version="1.0"?>
<!DOCTYPE hibernate-mapping PUBLIC "-//Hibernate/Hibernate Mapping DTD 3.0//EN"
"http://www.hibernate.org/dtd/hibernate-mapping-3.0.dtd">
<!-- Generated 08/06/2017 20:47:31 by Hibernate Tools 4.3.1 -->
<hibernate-mapping>
    <class name="Model.Hospital" table="hospital" catalog="sagha" optimistic-lock="version">
        <id name="id" type="int">
            <column name="id" />
            <generator class="assigned" />
        </id>
        <property name="nome" type="string">
            <column name="nome" length="64" not-null="true" />
        </property>
        <property name="rua" type="string">
            <column name="rua" length="52" not-null="true" />
        </property>
        <property name="cidade" type="string">
            <column name="cidade" length="64" not-null="true" />
        </property>
        <property name="estado" type="string">
            <column name="estado" length="2" not-null="true" />
        </property>
        <set name="atendimentoDrgs" table="atendimento_drg" inverse="true" lazy="true" fetch="select">
            <key>
                <column name="idhospital" not-null="true" />
            </key>
            <one-to-many class="Model.AtendimentoDrg" />
        </set>
        <set name="gerentes" table="gerente" inverse="true" lazy="true" fetch="select">
            <key>
                <column name="idhospital" />
            </key>
            <one-to-many class="Model.Gerente" />
        </set>
        <set name="hospitaisRegiaos" table="hospitais_regiao" inverse="true" lazy="true" fetch="select">
            <key>
                <column name="idhospital" not-null="true" />
            </key>
            <one-to-many class="Model.HospitaisRegiao" />
        </set>
    </class>
</hibernate-mapping>
