<?xml version="1.0"?>
<!DOCTYPE hibernate-mapping PUBLIC "-//Hibernate/Hibernate Mapping DTD 3.0//EN"
"http://www.hibernate.org/dtd/hibernate-mapping-3.0.dtd">
<!-- Generated 08/06/2017 20:47:31 by Hibernate Tools 4.3.1 -->
<hibernate-mapping>
    <class name="Model.HospitaisRegiao" table="hospitais_regiao" catalog="sagha" optimistic-lock="version">
        <composite-id name="id" class="Model.HospitaisRegiaoId">
            <key-property name="idhospital" type="int">
                <column name="idhospital" />
            </key-property>
            <key-property name="regiaoReferencia" type="string">
                <column name="regiao_referencia" length="64" />
            </key-property>
        </composite-id>
        <many-to-one name="hospital" class="Model.Hospital" update="false" insert="false" fetch="select">
            <column name="idhospital" not-null="true" />
        </many-to-one>
    </class>
</hibernate-mapping>
